"X","school","sex","age","address","famsize","Pstatus","Medu","Fedu","Mjob","Fjob","reason","guardian","traveltime","studytime","failures","schoolsup","famsup","paid","activities","nursery","higher","internet","romantic","famrel","freetime","goout","Dalc","Walc","health","absences","G1","G2","G3"
1,"Gabriel Perecia","urban",18,"U","GT3","A",4,4,"at_home","teacher","course","mother","15-30 min","2-5 hours",0,"yes","no","no","no","yes","yes","no","no","high","average","high","very low","very low","average",6,5,6,6
2,"Gabriel Perecia","urban",17,"U","GT3","T",1,1,"at_home","other","course","father","0-15 min","2-5 hours",0,"no","yes","no","no","no","yes","yes","no","very high","average","average","very low","very low","average",4,5,5,6
3,"Gabriel Perecia","urban",15,"U","LE3","T",1,1,"at_home","other","other","mother","0-15 min","2-5 hours",3,"yes","no","yes","no","yes","yes","yes","no","high","average","low","low","average","average",10,7,8,10
4,"Gabriel Perecia","urban",15,"U","GT3","T",4,2,"health","services","home","mother","0-15 min","5-10 hours",0,"no","yes","yes","yes","yes","yes","yes","yes","average","low","low","very low","very low","very good",2,15,14,15
5,"Gabriel Perecia","urban",16,"U","GT3","T",3,3,"other","other","home","father","0-15 min","2-5 hours",0,"no","yes","yes","no","yes","yes","no","no","high","average","low","very low","low","very good",4,6,10,10
6,"Gabriel Perecia","urban",16,"U","LE3","T",4,3,"services","other","reputation","mother","0-15 min","2-5 hours",0,"no","yes","yes","yes","yes","yes","yes","no","very high","high","low","very low","low","very good",10,15,15,15
7,"Gabriel Perecia","urban",16,"U","LE3","T",2,2,"other","other","home","mother","0-15 min","2-5 hours",0,"no","no","no","no","yes","yes","yes","no","high","high","high","very low","very low","average",0,12,12,11
8,"Gabriel Perecia","urban",17,"U","GT3","A",4,4,"other","teacher","home","mother","15-30 min","2-5 hours",0,"yes","yes","no","no","yes","yes","no","no","high","very low","high","very low","very low","very bad",6,6,5,6
9,"Gabriel Perecia","urban",15,"U","LE3","A",3,2,"services","other","home","mother","0-15 min","2-5 hours",0,"no","yes","yes","no","yes","yes","yes","no","high","low","low","very low","very low","very bad",0,16,18,19
10,"Gabriel Perecia","urban",15,"U","GT3","T",3,4,"other","other","home","mother","0-15 min","2-5 hours",0,"no","yes","yes","yes","yes","yes","yes","no","very high","very high","very low","very low","very low","very good",0,14,15,15
11,"Gabriel Perecia","urban",15,"U","GT3","T",4,4,"teacher","health","reputation","mother","0-15 min","2-5 hours",0,"no","yes","yes","no","yes","yes","yes","no","average","average","average","very low","low","bad",0,10,8,9
12,"Gabriel Perecia","urban",15,"U","GT3","T",2,1,"services","other","reputation","father","30-60 min","5-10 hours",0,"no","yes","no","yes","yes","yes","yes","no","very high","low","low","very low","very low","good",4,10,12,12
13,"Gabriel Perecia","urban",15,"U","LE3","T",4,4,"health","services","course","father","0-15 min","0-2 hours",0,"no","yes","yes","yes","yes","yes","yes","no","high","average","average","very low","average","very good",2,14,14,14
14,"Gabriel Perecia","urban",15,"U","GT3","T",4,3,"teacher","other","course","mother","15-30 min","2-5 hours",0,"no","yes","yes","no","yes","yes","yes","no","very high","high","average","very low","low","average",2,10,10,11
15,"Gabriel Perecia","urban",15,"U","GT3","A",2,2,"other","other","home","other","0-15 min","5-10 hours",0,"no","yes","no","no","yes","yes","yes","yes","high","very high","low","very low","very low","average",0,14,16,16
16,"Gabriel Perecia","urban",17,"U","GT3","T",4,4,"health","other","home","mother","0-15 min","0-2 hours",0,"no","yes","no","no","yes","yes","yes","no","high","high","high","very low","low","bad",4,14,14,14
17,"Gabriel Perecia","urban",17,"U","GT3","T",4,4,"services","services","reputation","mother","0-15 min","5-10 hours",0,"no","yes","yes","yes","yes","yes","yes","no","average","low","average","very low","low","bad",6,13,14,14
18,"Gabriel Perecia","urban",16,"U","GT3","T",3,3,"other","other","reputation","mother","30-60 min","2-5 hours",0,"yes","yes","no","yes","yes","yes","no","no","very high","average","low","very low","very low","good",4,8,10,10
19,"Gabriel Perecia","urban",17,"U","GT3","T",3,2,"services","services","course","mother","0-15 min","0-2 hours",3,"no","yes","no","yes","yes","yes","yes","no","very high","very high","very high","low","high","very good",16,6,5,5
20,"Gabriel Perecia","urban",16,"U","LE3","T",4,3,"health","other","home","father","0-15 min","0-2 hours",0,"no","no","yes","yes","yes","yes","yes","no","average","very low","average","very low","average","very good",4,8,10,10
21,"Gabriel Perecia","urban",15,"U","GT3","T",4,3,"teacher","other","reputation","mother","0-15 min","2-5 hours",0,"no","no","no","no","yes","yes","yes","no","high","high","very low","very low","very low","very bad",0,13,14,15
22,"Gabriel Perecia","urban",15,"U","GT3","T",4,4,"health","health","other","father","0-15 min","0-2 hours",0,"no","yes","yes","no","yes","yes","yes","no","very high","high","low","very low","very low","very good",0,12,15,15
23,"Gabriel Perecia","urban",16,"U","LE3","T",4,2,"teacher","other","course","mother","0-15 min","2-5 hours",0,"no","no","no","yes","yes","yes","yes","no","high","very high","very low","very low","average","very good",2,15,15,16
24,"Gabriel Perecia","urban",16,"U","LE3","T",2,2,"other","other","reputation","mother","15-30 min","2-5 hours",0,"no","yes","no","yes","yes","yes","yes","no","very high","high","high","low","high","very good",0,13,13,12
25,"Gabriel Perecia","rural",15,"R","GT3","T",2,4,"services","health","course","mother","0-15 min","5-10 hours",0,"yes","yes","yes","yes","yes","yes","yes","no","high","average","low","very low","very low","very good",2,10,9,8
26,"Gabriel Perecia","urban",16,"U","GT3","T",2,2,"services","services","home","mother","0-15 min","0-2 hours",2,"no","yes","yes","no","no","yes","yes","no","very low","low","low","very low","average","very good",14,6,9,8
27,"Gabriel Perecia","urban",15,"U","GT3","T",2,2,"other","other","home","mother","0-15 min","0-2 hours",0,"no","yes","yes","no","yes","yes","yes","no","high","low","low","very low","low","very good",2,12,12,11
28,"Gabriel Perecia","urban",15,"U","GT3","T",4,2,"health","services","other","mother","0-15 min","0-2 hours",0,"no","no","yes","no","yes","yes","yes","no","low","low","high","low","high","very bad",4,15,16,15
29,"Gabriel Perecia","urban",16,"U","LE3","A",3,4,"services","other","home","mother","0-15 min","2-5 hours",0,"yes","yes","no","yes","yes","yes","yes","no","very high","average","average","very low","very low","very good",4,11,11,11
30,"Gabriel Perecia","urban",16,"U","GT3","T",4,4,"teacher","teacher","home","mother","0-15 min","2-5 hours",0,"no","yes","yes","yes","yes","yes","yes","yes","high","high","very high","very high","very high","very good",16,10,12,11
31,"Gabriel Perecia","urban",15,"U","GT3","T",4,4,"health","services","home","mother","0-15 min","2-5 hours",0,"no","yes","yes","no","no","yes","yes","no","very high","high","low","average","high","very good",0,9,11,12
32,"Gabriel Perecia","urban",15,"U","GT3","T",4,4,"services","services","reputation","mother","15-30 min","2-5 hours",0,"no","yes","no","yes","yes","yes","yes","no","high","average","very low","very low","very low","very good",0,17,16,17
33,"Gabriel Perecia","rural",15,"R","GT3","T",4,3,"teacher","at_home","course","mother","0-15 min","2-5 hours",0,"no","yes","no","yes","yes","yes","yes","yes","high","very high","low","very low","very low","very good",0,17,16,16
34,"Gabriel Perecia","urban",15,"U","LE3","T",3,3,"other","other","course","mother","0-15 min","2-5 hours",0,"no","no","no","yes","no","yes","yes","no","very high","average","low","very low","very low","bad",0,8,10,12
35,"Gabriel Perecia","urban",16,"U","GT3","T",3,2,"other","other","home","mother","0-15 min","0-2 hours",0,"no","yes","yes","no","no","yes","yes","no","very high","high","average","very low","very low","very good",0,12,14,15
36,"Gabriel Perecia","urban",15,"U","GT3","T",2,3,"other","other","other","father","15-30 min","0-2 hours",0,"no","yes","no","yes","yes","yes","no","no","average","very high","very low","very low","very low","very good",0,8,7,6
37,"Gabriel Perecia","urban",15,"U","LE3","T",4,3,"teacher","services","home","mother","0-15 min","5-10 hours",0,"no","yes","no","yes","yes","yes","yes","no","very high","high","average","very low","very low","good",2,15,16,18
38,"Gabriel Perecia","rural",16,"R","GT3","A",4,4,"other","teacher","reputation","mother","15-30 min","5-10 hours",0,"no","yes","no","yes","yes","yes","yes","yes","low","high","average","very low","very low","very good",7,15,16,15
39,"Gabriel Perecia","rural",15,"R","GT3","T",3,4,"services","health","course","mother","0-15 min","5-10 hours",0,"yes","yes","yes","yes","yes","yes","yes","no","high","average","low","very low","very low","very good",2,12,12,11
40,"Gabriel Perecia","rural",17,"R","GT3","T",2,2,"at_home","other","reputation","mother","0-15 min","0-2 hours",0,"yes","yes","yes","yes","yes","yes","no","no","high","average","very low","very low","very low","bad",8,14,13,13
41,"Gabriel Perecia","urban",16,"U","LE3","T",2,2,"other","other","home","mother","15-30 min","2-5 hours",1,"no","yes","no","yes","no","yes","yes","yes","average","average","average","very low","low","average",25,7,10,11
42,"Gabriel Perecia","urban",15,"U","LE3","T",4,4,"teacher","other","home","other","0-15 min","0-2 hours",0,"no","yes","no","no","no","yes","yes","yes","very high","high","average","low","high","very good",8,12,12,12
43,"Gabriel Perecia","urban",15,"U","GT3","T",4,4,"services","teacher","course","father","0-15 min","2-5 hours",0,"no","yes","no","yes","yes","yes","yes","no","high","average","average","very low","very low","very good",2,19,18,18
44,"Gabriel Perecia","urban",15,"U","GT3","T",2,2,"services","services","course","father","0-15 min","0-2 hours",0,"yes","yes","no","no","yes","yes","yes","no","very high","high","very low","very low","very low","very bad",0,8,8,11
45,"Gabriel Perecia","urban",16,"U","LE3","T",2,2,"other","at_home","course","father","15-30 min","2-5 hours",1,"yes","no","no","yes","yes","yes","yes","no","high","average","average","low","low","very good",14,10,10,9
46,"Gabriel Perecia","urban",15,"U","LE3","A",4,3,"other","other","course","mother","0-15 min","2-5 hours",0,"yes","yes","yes","yes","yes","yes","yes","yes","very high","low","low","very low","very low","very good",8,8,8,6
47,"Gabriel Perecia","urban",16,"U","LE3","A",3,3,"other","services","home","mother","0-15 min","2-5 hours",0,"no","yes","no","no","yes","yes","yes","no","low","average","very high","very low","high","average",12,11,12,11
48,"Gabriel Perecia","urban",16,"U","GT3","T",4,3,"health","services","reputation","mother","0-15 min","above 10 hours",0,"no","no","no","yes","yes","yes","yes","no","high","low","low","very low","very low","bad",4,19,19,20
49,"Gabriel Perecia","urban",15,"U","GT3","T",4,2,"teacher","other","home","mother","0-15 min","2-5 hours",0,"no","yes","yes","no","yes","yes","no","no","high","average","average","low","low","very good",2,15,15,14
50,"Gabriel Perecia","urban",15,"U","GT3","T",4,4,"services","teacher","other","father","0-15 min","2-5 hours",1,"yes","yes","no","yes","no","yes","yes","no","high","high","high","very low","very low","average",2,7,7,7
51,"Gabriel Perecia","urban",16,"U","LE3","T",2,2,"services","services","course","mother","30-60 min","2-5 hours",0,"no","yes","yes","no","yes","yes","yes","no","high","average","average","low","average","good",2,12,13,13
52,"Gabriel Perecia","urban",15,"U","LE3","T",4,2,"health","other","other","mother","0-15 min","2-5 hours",0,"no","yes","yes","no","yes","yes","yes","no","high","average","average","very low","very low","very good",2,11,13,13
53,"Gabriel Perecia","urban",15,"U","LE3","A",4,2,"other","health","other","father","15-30 min","0-2 hours",1,"no","no","no","no","yes","yes","no","no","very high","very high","very high","average","high","very good",6,11,11,10
54,"Gabriel Perecia","urban",15,"U","GT3","T",4,4,"services","services","course","mother","0-15 min","0-2 hours",0,"yes","yes","yes","no","yes","yes","yes","no","average","average","high","low","average","very good",0,8,10,11
55,"Gabriel Perecia","urban",15,"U","LE3","A",3,3,"other","other","other","mother","0-15 min","0-2 hours",0,"no","no","yes","no","yes","yes","yes","no","very high","average","high","high","high","very bad",6,10,13,13
56,"Gabriel Perecia","urban",16,"U","GT3","A",2,1,"other","other","other","mother","0-15 min","2-5 hours",0,"no","no","yes","yes","yes","yes","yes","yes","very high","average","high","very low","very low","bad",8,8,9,10
57,"Gabriel Perecia","urban",15,"U","GT3","A",4,3,"services","services","reputation","mother","0-15 min","2-5 hours",0,"no","yes","yes","yes","yes","yes","yes","no","high","average","low","very low","very low","very bad",0,14,15,15
58,"Gabriel Perecia","urban",15,"U","GT3","T",4,4,"teacher","health","reputation","mother","0-15 min","2-5 hours",0,"no","yes","no","yes","yes","yes","no","no","average","low","low","very low","very low","very good",4,14,15,15
59,"Gabriel Perecia","urban",15,"U","LE3","T",1,2,"other","at_home","home","father","0-15 min","2-5 hours",0,"yes","yes","no","yes","yes","yes","yes","no","high","average","low","very low","very low","very good",2,9,10,9
60,"Gabriel Perecia","urban",16,"U","GT3","T",4,2,"services","other","course","mother","0-15 min","2-5 hours",0,"no","yes","no","no","yes","yes","yes","no","high","low","average","very low","very low","very good",2,15,16,16
61,"Gabriel Perecia","rural",16,"R","GT3","T",4,4,"health","teacher","other","mother","0-15 min","2-5 hours",0,"no","yes","no","yes","yes","yes","no","no","low","high","high","low","average","good",6,10,11,11
62,"Gabriel Perecia","urban",16,"U","GT3","T",1,1,"services","services","course","father","above 60 min","0-2 hours",0,"yes","yes","no","yes","no","yes","yes","yes","very high","very high","very high","very high","very high","very good",6,10,8,11
63,"Gabriel Perecia","urban",16,"U","LE3","T",1,2,NA,"services","reputation","father","0-15 min","2-5 hours",0,"yes","no","no","yes","yes","yes","yes","no","high","high","average","very low","very low","very bad",4,8,10,9
64,"Gabriel Perecia","urban",16,"U","GT3","T",4,3,"teacher","health","home","mother","0-15 min","5-10 hours",0,"yes","yes","yes","yes","yes","yes","yes","no","average","high","high","low","high","good",2,10,9,9
65,"Gabriel Perecia","urban",15,"U","LE3","T",4,3,"services","services","reputation","father","0-15 min","2-5 hours",0,"yes","no","no","yes","yes","yes","yes","yes","high","high","high","low","high","bad",0,10,10,10
66,"Gabriel Perecia","urban",16,"U","LE3","T",4,3,"teacher","services","course","mother","30-60 min","2-5 hours",0,"no","yes","no","yes","yes","yes","yes","no","very high","high","average","very low","low","very bad",2,16,15,15
67,"Gabriel Perecia","urban",15,"U","GT3","A",4,4,"other","services","reputation","mother","0-15 min","above 10 hours",0,"no","yes","no","yes","no","yes","yes","yes","very low","average","average","very high","very high","average",4,13,13,12
68,"Gabriel Perecia","urban",16,"U","GT3","T",3,1,"services","other","course","mother","0-15 min","above 10 hours",0,"yes","yes","yes","no","yes","yes","yes","no","high","average","average","very low","low","very good",4,7,7,6
69,"Gabriel Perecia","rural",15,"R","LE3","T",2,2,"health","services","reputation","mother","15-30 min","2-5 hours",0,"yes","yes","yes","no","yes","yes","yes","no","high","very low","average","very low","average","good",2,8,9,8
70,"Gabriel Perecia","rural",15,"R","LE3","T",3,1,"other","other","reputation","father","15-30 min","above 10 hours",0,"no","yes","no","no","no","yes","yes","no","high","high","low","low","average","average",12,16,16,16
71,"Gabriel Perecia","urban",16,"U","GT3","T",3,1,"other","other","reputation","father","15-30 min","above 10 hours",0,"no","yes","yes","no","yes","yes","yes","no","high","average","low","very low","very low","very good",0,13,15,15
72,"Gabriel Perecia","urban",15,"U","GT3","T",4,2,"other","other","course","mother","0-15 min","above 10 hours",0,"no","no","no","no","yes","yes","yes","no","average","average","average","very low","very low","average",0,10,10,10
73,"Gabriel Perecia","rural",15,"R","GT3","T",1,1,"other","other","reputation","mother","0-15 min","2-5 hours",2,"yes","yes","no","no","no","yes","yes","yes","average","average","high","low","high","very good",2,8,6,5
74,"Gabriel Perecia","urban",16,"U","GT3","T",3,1,"other","other","reputation","mother","0-15 min","0-2 hours",0,"no","no","no","yes","yes","yes","no","no","very high","average","low","low","low","very good",2,12,12,14
75,"Gabriel Perecia","urban",16,"U","GT3","T",3,3,"other","services","home","mother","0-15 min","2-5 hours",0,"yes","yes","yes","yes","yes","yes","yes","no","high","average","average","low","high","very good",54,11,12,11
76,"Gabriel Perecia","urban",15,"U","GT3","T",4,3,"teacher","other","home","mother","0-15 min","2-5 hours",0,"no","yes","yes","yes","yes","yes","yes","no","high","average","average","low","average","very good",6,9,9,10
77,"Gabriel Perecia","urban",15,"U","GT3","T",4,0,"teacher","other","course","mother","15-30 min","above 10 hours",0,"no","no","no","yes","yes","yes","yes","no","average","high","average","very low","very low","very bad",8,11,11,10
78,"Gabriel Perecia","urban",16,"U","GT3","T",2,2,"other","other","reputation","mother","0-15 min","above 10 hours",0,"no","no","yes","no","yes","yes","yes","yes","very high","low","average","very low","average","average",0,11,11,11
79,"Gabriel Perecia","urban",17,"U","GT3","T",2,1,"other","other","home","mother","15-30 min","0-2 hours",3,"yes","yes","no","yes","yes","no","yes","no","high","very high","very low","very low","very low","average",2,8,8,10
80,"Gabriel Perecia","urban",16,"U","GT3","T",3,4,"at_home","other","course","mother","0-15 min","2-5 hours",0,"no","yes","no","no","yes","yes","yes","no","low","high","average","very low","low","average",12,5,5,5
81,"Gabriel Perecia","urban",15,"U","GT3","T",2,3,"other","services","course","father","0-15 min","0-2 hours",0,"yes","yes","yes","yes","no","yes","yes","yes","average","low","low","very low","average","average",2,10,12,12
82,"Gabriel Perecia","urban",15,"U","GT3","T",2,3,"other","other","home","mother","0-15 min","5-10 hours",0,"yes","no","yes","no","no","yes","yes","no","very high","average","low","very low","low","very good",4,11,10,11
83,"Gabriel Perecia","urban",15,"U","LE3","T",3,2,"services","other","reputation","mother","0-15 min","2-5 hours",0,"no","yes","yes","no","yes","yes","yes","no","high","high","high","very low","very low","very good",10,7,6,6
84,"Gabriel Perecia","urban",15,"U","LE3","T",2,2,"services","services","home","mother","15-30 min","2-5 hours",0,"no","no","yes","yes","yes","yes","yes","no","very high","average","average","very low","average","good",4,15,15,15
85,"Gabriel Perecia","urban",15,"U","GT3","T",1,1,"other","other","home","father","0-15 min","2-5 hours",0,"no","yes","no","yes","no","yes","yes","no","high","average","low","low","average","good",2,9,10,10
86,"Gabriel Perecia","urban",15,"U","GT3","T",4,4,"services","services","reputation","father","15-30 min","2-5 hours",2,"no","no","yes","no","yes","yes","yes","yes","high","high","high","low","average","very good",6,7,9,8
87,"Gabriel Perecia","urban",16,"U","LE3","T",2,2,"at_home","other","course","mother","0-15 min","2-5 hours",0,"no","yes","no","no","yes","yes","no","no","high","average","high","very low","low","bad",4,8,7,6
88,"Gabriel Perecia","urban",15,"U","GT3","T",4,2,"other","other","reputation","mother","0-15 min","5-10 hours",0,"no","yes","no","yes","yes","yes","yes","no","very high","average","average","very low","average","very bad",4,13,14,14
89,"Gabriel Perecia","urban",16,"U","GT3","T",2,2,"services","other","reputation","father","15-30 min","2-5 hours",1,"no","no","yes","yes","no","yes","yes","no","high","high","low","very low","very low","average",12,11,10,10
90,"Gabriel Perecia","urban",16,"U","LE3","A",4,4,"teacher","health","reputation","mother","0-15 min","2-5 hours",0,"no","yes","no","no","yes","yes","no","no","high","very low","average","average","very high","very good",18,8,6,7
91,"Gabriel Perecia","urban",16,"U","GT3","T",3,3,"other","other","home","mother","0-15 min","5-10 hours",0,"no","yes","yes","no","yes","yes","yes","yes","high","average","average","very low","average","good",0,7,7,8
92,"Gabriel Perecia","urban",15,"U","GT3","T",4,3,"services","other","reputation","mother","0-15 min","0-2 hours",0,"no","no","yes","yes","yes","yes","yes","no","high","very high","very high","very low","average","very bad",4,16,17,18
93,"Gabriel Perecia","urban",16,"U","LE3","T",3,1,"other","other","home","father","0-15 min","2-5 hours",0,"yes","yes","no","no","yes","yes","no","no","average","average","average","low","average","bad",4,7,6,6
94,"Gabriel Perecia","urban",16,"U","GT3","T",4,2,"teacher","services","home","mother","15-30 min","2-5 hours",0,"no","yes","yes","yes","yes","yes","yes","no","very high","average","average","very low","very low","very bad",0,11,10,10
95,"Gabriel Perecia","urban",15,"U","LE3","T",2,2,"services","health","reputation","mother","0-15 min","above 10 hours",0,"no","yes","no","yes","yes","yes","yes","no","high","average","high","very low","very low","good",6,11,13,14
96,"Gabriel Perecia","rural",15,"R","GT3","T",1,1,"at_home","other","home","mother","15-30 min","above 10 hours",1,"yes","yes","yes","yes","yes","yes","yes","no","average","very low","low","very low","very low","very bad",2,7,10,10
97,"Gabriel Perecia","rural",17,"R","GT3","T",4,3,"services","other","reputation","mother","15-30 min","0-2 hours",0,"yes","yes","no","yes","no","yes","yes","no","average","average","average","very low","very low","good",2,11,15,15
98,"Gabriel Perecia","urban",16,"U","GT3","T",2,1,"other","other","course","mother","0-15 min","2-5 hours",0,"no","yes","yes","no","yes","yes","no","yes","high","average","very high","very low","very low","very good",2,8,9,10
99,"Gabriel Perecia","urban",16,"U","GT3","T",4,4,"other","other","reputation","mother","0-15 min","0-2 hours",0,"no","no","no","yes","no","yes","yes","no","very high","average","high","very low","low","very bad",6,11,14,14
100,"Gabriel Perecia","urban",16,"U","GT3","T",4,3,"other","at_home","course","mother","0-15 min","5-10 hours",0,"yes","yes","yes","no","yes","yes","yes","no","very high","average","very high","very low","very low","average",0,7,9,8
101,"Gabriel Perecia","urban",16,"U","GT3","T",4,4,"services","services","other","mother","0-15 min","0-2 hours",0,"yes","yes","yes","yes","yes","yes","yes","no","high","very high","very high","very high","very high","good",14,7,7,5
102,"Gabriel Perecia","urban",16,"U","GT3","T",4,4,"services","teacher","other","father","0-15 min","5-10 hours",0,"no","yes","no","yes","yes","yes","yes","yes","high","high","average","very low","very low","good",0,16,17,17
103,"Gabriel Perecia","urban",15,"U","GT3","T",4,4,"services","other","course","mother","0-15 min","0-2 hours",0,"no","yes","no","yes","no","yes","yes","no","very high","average","average","very low","very low","very good",4,10,13,14
104,"Gabriel Perecia","urban",15,"U","GT3","T",3,2,"services","other","home","mother","15-30 min","2-5 hours",0,"yes","yes","yes","no","yes","yes","yes","no","high","average","very high","very low","very low","bad",26,7,6,6
105,"Gabriel Perecia","urban",15,"U","GT3","A",3,4,"services","other","course","mother","0-15 min","2-5 hours",0,"no","yes","yes","yes","yes","yes","yes","no","very high","high","high","very low","very low","very bad",0,16,18,18
106,"Gabriel Perecia","urban",15,"U","GT3","A",3,3,"other","health","reputation","father","0-15 min","above 10 hours",0,"yes","no","no","no","yes","yes","no","no","high","average","average","very low","very low","good",10,10,11,11
107,"Gabriel Perecia","urban",15,"U","GT3","T",2,2,"other","other","course","mother","0-15 min","above 10 hours",0,"yes","yes","yes","no","yes","yes","yes","no","very high","very low","low","very low","very low","average",8,7,8,8
108,"Gabriel Perecia","urban",16,"U","GT3","T",3,3,"services","other","home","father","0-15 min","5-10 hours",0,"no","yes","no","yes","yes","yes","yes","no","very high","average","average","very low","very low","very good",2,16,18,18
109,"Gabriel Perecia","rural",15,"R","GT3","T",4,4,"other","other","home","father","above 60 min","above 10 hours",0,"no","yes","yes","yes","yes","yes","yes","yes","very low","average","very high","average","very high","very bad",6,10,13,13
110,"Gabriel Perecia","urban",16,"U","LE3","T",4,4,"health","health","other","mother","0-15 min","5-10 hours",0,"no","yes","yes","yes","yes","yes","yes","yes","very high","high","very high","very low","very low","good",4,14,15,16
111,"Gabriel Perecia","urban",15,"U","LE3","A",4,4,"teacher","teacher","course","mother","0-15 min","0-2 hours",0,"no","no","no","yes","yes","yes","yes","no","very high","very high","average","very low","very low","good",6,18,19,19
112,"Gabriel Perecia","rural",16,"R","GT3","T",3,3,"services","other","reputation","father","0-15 min","5-10 hours",1,"yes","yes","no","yes","yes","yes","yes","no","high","very low","low","very low","very low","bad",0,7,10,10
113,"Gabriel Perecia","urban",17,"U","GT3","T",2,2,"at_home","other","home","mother","0-15 min","2-5 hours",1,"yes","no","no","yes","yes","yes","yes","no","average","very low","low","very low","very low","very good",6,10,13,13
114,"Gabriel Perecia","urban",15,"U","LE3","T",4,2,"teacher","other","course","mother","0-15 min","0-2 hours",0,"no","no","no","no","yes","yes","yes","no","average","very high","low","very low","very low","average",10,18,19,19
115,"Gabriel Perecia","rural",15,"R","GT3","T",2,1,"health","services","reputation","mother","0-15 min","2-5 hours",0,"no","no","no","yes","yes","yes","yes","yes","very high","high","low","very low","very low","very good",8,9,9,9
116,"Gabriel Perecia","urban",16,"U","GT3","T",4,4,"teacher","teacher","course","father","0-15 min","2-5 hours",0,"no","yes","no","yes","yes","yes","yes","no","very high","high","high","very low","low","very good",2,15,15,16
117,"Gabriel Perecia","urban",15,"U","GT3","T",4,4,"other","teacher","reputation","father","15-30 min","2-5 hours",0,"no","yes","no","yes","yes","yes","no","no","high","high","average","very low","very low","bad",2,11,13,14
118,"Gabriel Perecia","urban",16,"U","GT3","T",3,3,"other","services","home","father","15-30 min","0-2 hours",0,"no","no","no","yes","yes","yes","yes","no","very high","high","low","very low","very low","very good",0,13,14,13
119,"Gabriel Perecia","rural",17,"R","GT3","T",1,3,"other","other","course","father","30-60 min","2-5 hours",1,"no","yes","no","yes","yes","yes","yes","no","very high","low","high","very low","high","very good",20,9,7,8
120,"Gabriel Perecia","urban",15,"U","GT3","T",3,4,"other","other","reputation","father","0-15 min","0-2 hours",0,"no","no","no","no","yes","yes","yes","no","average","high","average","very low","low","good",6,14,13,13
121,"Gabriel Perecia","urban",15,"U","GT3","T",1,2,"at_home","services","course","mother","0-15 min","2-5 hours",0,"no","no","no","no","no","yes","yes","no","average","low","average","very low","low","very bad",2,16,15,15
122,"Gabriel Perecia","urban",15,"U","GT3","T",2,2,"services","services","home","father","0-15 min","above 10 hours",0,"no","yes","yes","yes","yes","yes","yes","no","very high","very high","high","very low","low","very good",6,16,14,15
123,"Gabriel Perecia","urban",16,"U","LE3","T",2,4,"other","health","course","father","15-30 min","2-5 hours",0,"no","yes","yes","yes","yes","yes","yes","yes","high","low","low","very low","low","very good",2,13,13,13
124,"Gabriel Perecia","urban",16,"U","GT3","T",4,4,"health","other","course","mother","0-15 min","0-2 hours",0,"no","yes","no","yes","yes","yes","yes","no","average","high","high","very low","high","very good",18,14,11,13
125,"Gabriel Perecia","urban",16,"U","GT3","T",2,2,"other","other","home","mother","0-15 min","2-5 hours",0,"no","no","yes","no","yes","yes","yes","yes","very high","high","high","very low","very low","very good",0,8,7,8
126,"Gabriel Perecia","urban",15,"U","GT3","T",3,4,"services","services","home","father","0-15 min","0-2 hours",0,"yes","no","no","no","yes","yes","yes","no","very high","very high","very high","average","low","very good",0,13,13,12
127,"Gabriel Perecia","urban",15,"U","LE3","A",3,4,"other","other","home","mother","0-15 min","2-5 hours",0,"yes","no","no","yes","yes","yes","yes","yes","very high","average","low","very low","very low","very bad",0,7,10,11
128,"Gabriel Perecia","urban",19,"U","GT3","T",0,1,"at_home","other","course","other","0-15 min","2-5 hours",3,"no","yes","no","no","no","no","no","no","average","high","low","very low","very low","very good",2,7,8,9
129,"Gabriel Perecia","rural",17,"R","GT3","T",2,2,"services","other","reputation","mother","0-15 min","0-2 hours",2,"no","yes","no","yes","yes","yes","yes","no","average","average","average","very low","low","good",0,7,4,0
130,"Gabriel Perecia","rural",16,"R","GT3","T",4,4,"teacher","teacher","course","mother","0-15 min","0-2 hours",0,"no","no","yes","yes","yes","yes","yes","no","average","very high","very high","low","very high","good",8,18,18,18
131,"Gabriel Perecia","rural",15,"R","GT3","T",3,4,"services","teacher","course","father","15-30 min","5-10 hours",2,"no","yes","no","no","yes","yes","yes","yes","high","low","low","low","low","very good",0,12,0,0
132,"Gabriel Perecia","urban",15,"U","GT3","T",1,1,"at_home","other","course","mother","30-60 min","0-2 hours",0,"no","yes","no","yes","no","yes","yes","yes","high","average","average","very low","low","good",0,8,0,0
133,"Gabriel Perecia","urban",17,"U","LE3","T",2,2,"other","other","course","father","0-15 min","0-2 hours",0,"no","yes","no","no","yes","yes","yes","yes","average","high","high","very low","average","very good",12,10,13,12
134,"Gabriel Perecia","urban",16,"U","GT3","A",3,4,"services","other","course","father","0-15 min","0-2 hours",0,"no","no","no","no","yes","yes","yes","no","average","low","very low","very low","high","very good",16,12,11,11
135,"Gabriel Perecia","rural",15,"R","GT3","T",3,4,"at_home","teacher","course","mother","above 60 min","2-5 hours",0,"no","yes","no","no","yes","yes","no","yes","very high","average","average","very low","very low","very good",0,9,0,0
136,"Gabriel Perecia","urban",15,"U","GT3","T",4,4,"services","at_home","course","mother","0-15 min","5-10 hours",0,"no","yes","no","yes","yes","yes","yes","yes","high","average","average","very low","very low","very good",0,11,0,0
137,"Gabriel Perecia","rural",17,"R","GT3","T",3,4,"at_home","other","course","mother","30-60 min","2-5 hours",0,"no","no","no","no","yes","yes","no","no","very high","high","very high","low","high","very good",0,10,0,0
138,"Gabriel Perecia","urban",16,"U","GT3","A",3,3,"other","other","course","other","15-30 min","0-2 hours",2,"no","yes","no","yes","no","yes","yes","yes","high","average","low","very low","very low","very good",0,4,0,0
139,"Gabriel Perecia","urban",16,"U","LE3","T",1,1,"services","other","course","mother","0-15 min","2-5 hours",1,"no","no","no","no","yes","yes","no","yes","high","high","high","very low","average","very good",0,14,12,12
140,"Gabriel Perecia","urban",15,"U","GT3","T",4,4,"teacher","teacher","course","mother","15-30 min","0-2 hours",0,"no","no","no","yes","yes","yes","yes","no","high","average","low","very low","very low","very good",0,16,16,15
141,"Gabriel Perecia","urban",15,"U","GT3","T",4,3,"teacher","services","course","father","15-30 min","above 10 hours",0,"yes","yes","no","no","yes","yes","yes","no","low","low","low","very low","very low","average",0,7,9,0
142,"Gabriel Perecia","urban",16,"U","LE3","T",2,2,"services","services","reputation","father","15-30 min","0-2 hours",2,"no","yes","no","yes","yes","yes","yes","no","low","average","average","low","low","bad",8,9,9,9
143,"Gabriel Perecia","urban",15,"U","GT3","T",4,4,"teacher","services","course","mother","0-15 min","5-10 hours",0,"no","yes","yes","yes","yes","yes","yes","no","high","low","low","very low","very low","very good",2,9,11,11
144,"Gabriel Perecia","urban",16,"U","LE3","T",1,1,"at_home","at_home","course","mother","0-15 min","0-2 hours",0,"no","no","no","no","yes","yes","yes","no","average","high","high","average","average","very bad",2,14,14,13
145,"Gabriel Perecia","urban",17,"U","GT3","T",2,1,"other","other","home","mother","0-15 min","0-2 hours",3,"no","yes","no","no","yes","yes","yes","no","very high","high","very high","very low","low","very good",0,5,0,0
146,"Gabriel Perecia","urban",15,"U","GT3","T",1,1,"other","services","course","father","0-15 min","2-5 hours",0,"no","yes","yes","no","yes","yes","yes","no","high","high","low","very low","low","very good",0,8,11,11
147,"Gabriel Perecia","urban",15,"U","GT3","T",3,2,"health","services","home","father","0-15 min","2-5 hours",3,"no","yes","no","no","yes","yes","yes","no","average","average","low","very low","very low","average",0,6,7,0
148,"Gabriel Perecia","urban",15,"U","GT3","T",1,2,"at_home","other","course","mother","0-15 min","2-5 hours",0,"no","yes","yes","no","no","yes","yes","no","high","average","low","very low","very low","very good",2,10,11,11
149,"Gabriel Perecia","urban",16,"U","GT3","T",4,4,"teacher","teacher","course","mother","0-15 min","0-2 hours",0,"no","yes","no","no","yes","no","yes","yes","average","average","low","low","very low","very good",0,7,6,0
150,"Gabriel Perecia","urban",15,"U","LE3","A",2,1,"services","other","course","mother","above 60 min","0-2 hours",3,"no","no","no","no","yes","yes","yes","no","high","very high","very high","low","very high","very good",0,8,9,10
151,"Gabriel Perecia","urban",18,"U","LE3","T",1,1,"other","other","course","mother","0-15 min","0-2 hours",3,"no","no","no","no","yes","no","yes","yes","low","average","very high","low","very high","good",0,6,5,0
152,"Gabriel Perecia","urban",16,"U","LE3","T",2,1,"at_home","other","course","mother","0-15 min","0-2 hours",1,"no","no","no","yes","yes","yes","no","yes","high","high","high","average","very high","very good",6,12,13,14
153,"Gabriel Perecia","rural",15,"R","GT3","T",3,3,"services","services","reputation","other","15-30 min","5-10 hours",2,"no","yes","yes","yes","yes","yes","yes","yes","high","low","very low","low","average","average",8,10,10,10
154,"Gabriel Perecia","urban",19,"U","GT3","T",3,2,"services","at_home","home","mother","0-15 min","0-2 hours",3,"no","yes","no","no","yes","no","yes","yes","high","very high","high","very low","very low","good",0,5,0,0
155,"Gabriel Perecia","urban",17,"U","GT3","T",4,4,"other","teacher","course","mother","0-15 min","0-2 hours",0,"yes","yes","no","no","yes","yes","no","yes","high","low","very low","very low","very low","good",0,11,11,12
156,"Gabriel Perecia","rural",15,"R","GT3","T",2,3,"at_home","services","course","mother","0-15 min","2-5 hours",0,"yes","no","yes","yes","yes","yes","no","no","high","high","high","very low","very low","very bad",2,11,8,8
157,"Gabriel Perecia","rural",17,"R","LE3","T",1,2,"other","other","reputation","mother","0-15 min","0-2 hours",0,"no","no","no","no","yes","yes","no","no","low","low","low","average","average","very good",8,16,12,13
158,"Gabriel Perecia","rural",18,"R","GT3","T",1,1,"at_home","other","course","mother","30-60 min","0-2 hours",3,"no","yes","no","yes","no","yes","no","no","very high","low","very high","very low","very high","good",6,9,8,10
159,"Gabriel Perecia","rural",16,"R","GT3","T",2,2,"at_home","other","course","mother","30-60 min","0-2 hours",0,"no","no","no","no","no","yes","no","no","high","low","low","very low","low","average",2,17,15,15
160,"Gabriel Perecia","urban",16,"U","GT3","T",3,3,"other","services","course","father","0-15 min","2-5 hours",1,"no","yes","yes","no","yes","yes","yes","yes","high","very high","very high","high","high","very good",4,10,12,12
161,"Gabriel Perecia","rural",17,"R","LE3","T",2,1,"at_home","other","course","mother","15-30 min","0-2 hours",2,"no","no","no","yes","yes","no","yes","yes","average","average","low","low","low","very good",0,7,6,0
162,"Gabriel Perecia","rural",15,"R","GT3","T",3,2,"other","other","course","mother","15-30 min","2-5 hours",2,"yes","yes","no","no","yes","yes","yes","yes","high","high","high","very low","high","average",6,5,9,7
163,"Gabriel Perecia","urban",16,"U","LE3","T",1,2,"other","other","course","mother","15-30 min","0-2 hours",1,"no","no","no","yes","yes","yes","no","no","high","high","high","low","high","very good",0,7,0,0
164,"Gabriel Perecia","urban",17,"U","GT3","T",1,3,"at_home","services","course","father","0-15 min","0-2 hours",0,"no","no","no","no","yes","no","yes","no","very high","average","average","very low","high","bad",2,10,10,10
165,"Gabriel Perecia","rural",17,"R","LE3","T",1,1,"other","services","course","mother","above 60 min","2-5 hours",3,"no","no","no","yes","yes","no","no","yes","very high","average","very high","very low","very high","very good",0,5,8,7
166,"Gabriel Perecia","urban",16,"U","GT3","T",3,2,"services","services","course","mother","15-30 min","0-2 hours",1,"no","yes","no","yes","no","no","no","no","high","very high","low","very low","very low","bad",16,12,11,12
167,"Gabriel Perecia","urban",16,"U","GT3","T",2,2,"other","other","course","father","0-15 min","2-5 hours",0,"no","no","no","no","yes","no","yes","no","high","average","very high","low","high","good",4,10,10,10
168,"Gabriel Perecia","urban",16,"U","GT3","T",4,2,"health","services","home","father","0-15 min","2-5 hours",0,"no","no","yes","no","yes","yes","yes","yes","high","low","average","very low","very low","average",0,14,15,16
169,"Gabriel Perecia","urban",16,"U","GT3","T",2,2,"other","other","home","mother","0-15 min","2-5 hours",0,"no","yes","yes","no","no","yes","yes","no","very high","very low","very high","very low","very low","good",0,6,7,0
170,"Gabriel Perecia","urban",16,"U","GT3","T",4,4,"health","health","reputation","mother","0-15 min","2-5 hours",0,"no","yes","yes","no","yes","yes","yes","yes","high","high","low","very low","very low","average",0,14,14,14
171,"Gabriel Perecia","urban",16,"U","GT3","T",3,4,"other","other","course","father","30-60 min","0-2 hours",2,"no","yes","no","yes","no","yes","yes","no","average","high","very high","low","high","bad",0,6,5,0
172,"Gabriel Perecia","urban",16,"U","GT3","T",1,0,"other","other","reputation","mother","15-30 min","2-5 hours",0,"no","yes","yes","yes","yes","yes","yes","yes","high","average","low","very low","very low","average",2,13,15,16
173,"Gabriel Perecia","urban",17,"U","LE3","T",4,4,"teacher","other","reputation","mother","0-15 min","2-5 hours",0,"no","yes","yes","yes","yes","yes","yes","no","high","high","high","very low","average","very good",0,13,11,10
174,"Gabriel Perecia","urban",16,"U","GT3","T",1,3,"at_home","services","home","mother","0-15 min","2-5 hours",3,"no","no","no","yes","no","yes","yes","yes","high","average","very high","very low","very low","average",0,8,7,0
175,"Gabriel Perecia","urban",16,"U","LE3","T",3,3,"other","other","reputation","mother","15-30 min","2-5 hours",0,"no","yes","yes","yes","yes","yes","yes","no","high","high","very high","very low","very low","good",4,10,11,9
176,"Gabriel Perecia","urban",17,"U","LE3","T",4,3,"teacher","other","course","mother","15-30 min","2-5 hours",0,"no","no","yes","yes","yes","yes","yes","no","high","high","high","high","high","good",4,10,9,9
177,"Gabriel Perecia","urban",16,"U","GT3","T",2,2,"services","other","reputation","mother","15-30 min","2-5 hours",0,"no","no","yes","yes","no","yes","yes","no","average","high","high","very low","high","very good",2,13,13,11
178,"Gabriel Perecia","urban",17,"U","GT3","T",3,3,"other","other","reputation","father","0-15 min","2-5 hours",0,"no","no","no","yes","no","yes","yes","no","high","average","high","very low","high","good",4,6,5,6
179,"Gabriel Perecia","rural",17,"R","GT3","T",4,2,"teacher","services","other","mother","0-15 min","0-2 hours",0,"no","yes","no","yes","yes","yes","yes","yes","high","average","average","average","high","average",10,10,8,9
180,"Gabriel Perecia","urban",17,"U","GT3","T",4,3,"other","other","course","mother","0-15 min","2-5 hours",0,"no","yes","no","yes","yes","yes","yes","yes","very high","low","average","very low","very low","bad",4,10,10,11
181,"Gabriel Perecia","urban",16,"U","GT3","T",4,3,"teacher","other","home","mother","0-15 min","2-5 hours",0,"no","yes","yes","yes","yes","yes","yes","no","average","high","average","low","average","average",10,9,8,8
182,"Gabriel Perecia","urban",16,"U","GT3","T",3,3,"services","other","home","mother","0-15 min","2-5 hours",0,"no","no","yes","yes","yes","yes","yes","yes","high","low","average","very low","low","average",2,12,13,12
183,"Gabriel Perecia","urban",17,"U","GT3","T",2,4,"services","services","reputation","father","0-15 min","2-5 hours",0,"no","yes","no","yes","yes","yes","no","no","very high","high","low","low","average","very good",0,16,17,17
184,"Gabriel Perecia","urban",17,"U","LE3","T",3,3,"other","other","reputation","mother","0-15 min","2-5 hours",0,"no","yes","no","yes","yes","yes","yes","yes","very high","average","average","low","average","very bad",56,9,9,8
185,"Gabriel Perecia","urban",16,"U","GT3","T",3,2,"other","other","reputation","mother","0-15 min","2-5 hours",0,"no","yes","yes","no","yes","yes","yes","no","very low","low","low","very low","low","very bad",14,12,13,12
186,"Gabriel Perecia","urban",17,"U","GT3","T",3,3,"services","services","other","mother","0-15 min","2-5 hours",0,"no","yes","no","yes","yes","yes","yes","yes","high","average","high","low","average","good",12,12,12,11
187,"Gabriel Perecia","urban",16,"U","GT3","T",1,2,"services","services","other","mother","0-15 min","0-2 hours",0,"no","yes","yes","yes","yes","yes","yes","yes","average","average","average","very low","low","average",2,11,12,11
188,"Gabriel Perecia","urban",16,"U","LE3","T",2,1,"other","other","course","mother","0-15 min","2-5 hours",0,"no","no","yes","yes","yes","yes","yes","yes","high","low","average","very low","low","very good",0,15,15,15
189,"Gabriel Perecia","urban",17,"U","GT3","A",3,3,"health","other","reputation","mother","0-15 min","2-5 hours",0,"no","yes","no","no","no","yes","yes","yes","average","average","average","very low","average","average",6,8,7,9
190,"Gabriel Perecia","rural",17,"R","GT3","T",1,2,"at_home","other","home","mother","0-15 min","2-5 hours",0,"no","no","no","no","yes","yes","no","no","average","very low","average","very low","very high","average",4,8,9,10
191,"Gabriel Perecia","urban",16,"U","GT3","T",2,3,"services","services","course","mother","0-15 min","2-5 hours",0,"no","no","no","no","yes","yes","yes","no","high","average","average","very low","very low","bad",10,11,12,13
192,"Gabriel Perecia","urban",17,"U","GT3","T",1,1,"at_home","services","course","mother","0-15 min","2-5 hours",0,"no","no","no","yes","yes","yes","yes","no","very high","average","average","very low","very low","average",0,8,8,9
193,"Gabriel Perecia","urban",17,"U","GT3","T",1,2,"at_home","services","other","other","15-30 min","2-5 hours",0,"no","no","yes","yes","no","yes","yes","no","high","high","high","high","very high","very good",12,7,8,8
194,"Gabriel Perecia","rural",16,"R","GT3","T",3,3,"services","services","reputation","mother","0-15 min","0-2 hours",0,"no","yes","no","yes","yes","yes","yes","no","high","average","low","average","high","very good",8,8,9,10
195,"Gabriel Perecia","urban",16,"U","GT3","T",2,3,"other","other","home","father","15-30 min","0-2 hours",0,"no","no","no","no","yes","yes","yes","no","very high","average","average","very low","very low","average",0,13,14,14
196,"Gabriel Perecia","urban",17,"U","LE3","T",2,4,"services","services","course","father","0-15 min","2-5 hours",0,"no","no","no","yes","yes","yes","yes","yes","high","average","low","very low","very low","very good",0,14,15,15
197,"Gabriel Perecia","urban",17,"U","GT3","T",4,4,"services","teacher","home","mother","0-15 min","0-2 hours",0,"no","no","no","no","yes","yes","yes","no","very high","low","average","very low","low","very good",4,17,15,16
198,"Gabriel Perecia","rural",16,"R","LE3","T",3,3,"teacher","other","home","father","30-60 min","0-2 hours",0,"no","yes","yes","yes","yes","yes","yes","no","average","average","high","average","very high","average",8,9,9,10
199,"Gabriel Perecia","urban",17,"U","GT3","T",4,4,"services","teacher","home","mother","15-30 min","0-2 hours",1,"no","yes","no","no","yes","yes","yes","no","high","low","high","low","average","bad",24,18,18,18
200,"Gabriel Perecia","urban",16,"U","LE3","T",4,4,"teacher","teacher","reputation","mother","0-15 min","2-5 hours",0,"no","yes","yes","no","yes","yes","yes","no","high","very high","low","very low","low","average",0,9,9,10
201,"Gabriel Perecia","urban",16,"U","GT3","T",4,3,"health","other","home","mother","0-15 min","2-5 hours",0,"no","yes","no","yes","yes","yes","yes","no","high","average","very high","very low","very high","bad",2,16,16,16
202,"Gabriel Perecia","urban",16,"U","GT3","T",2,3,"other","other","reputation","mother","0-15 min","2-5 hours",0,"yes","yes","yes","yes","yes","yes","no","no","high","high","average","very low","average","good",6,8,10,10
203,"Gabriel Perecia","urban",17,"U","GT3","T",1,1,"other","other","course","mother","0-15 min","2-5 hours",0,"no","yes","yes","no","no","yes","no","no","high","high","high","very low","average","very bad",4,9,9,10
204,"Gabriel Perecia","rural",17,"R","GT3","T",2,2,"other","other","reputation","mother","0-15 min","0-2 hours",0,"no","yes","no","no","yes","yes","yes","no","very high","average","low","very low","low","average",18,7,6,6
205,"Gabriel Perecia","rural",16,"R","GT3","T",2,2,"services","services","reputation","mother","15-30 min","above 10 hours",0,"no","yes","yes","yes","no","yes","yes","no","very high","average","very high","very low","very low","very good",6,10,10,11
206,"Gabriel Perecia","urban",17,"U","GT3","T",3,4,"at_home","services","home","mother","0-15 min","5-10 hours",1,"no","yes","yes","no","yes","yes","yes","yes","high","high","average","average","high","very good",28,10,9,9
207,"Gabriel Perecia","urban",16,"U","GT3","A",3,1,"services","other","course","mother","0-15 min","2-5 hours",3,"no","yes","yes","no","yes","yes","yes","no","low","average","average","low","low","good",5,7,7,7
208,"Gabriel Perecia","urban",17,"U","GT3","T",4,3,"teacher","other","other","mother","0-15 min","2-5 hours",0,"no","no","yes","yes","yes","yes","yes","yes","very low","average","low","very low","very low","very bad",10,11,12,13
209,"Gabriel Perecia","urban",16,"U","GT3","T",1,1,"at_home","other","home","mother","15-30 min","0-2 hours",0,"no","yes","yes","no","yes","yes","no","no","high","average","low","very low","high","very good",6,9,9,10
210,"Gabriel Perecia","rural",17,"R","GT3","T",4,3,"teacher","other","reputation","mother","15-30 min","5-10 hours",0,"no","yes","yes","yes","yes","yes","yes","yes","high","high","low","very low","very low","good",6,7,7,7
211,"Gabriel Perecia","urban",19,"U","GT3","T",3,3,"other","other","reputation","other","0-15 min","above 10 hours",0,"no","yes","yes","yes","yes","yes","yes","no","high","average","average","very low","low","average",10,8,8,8
212,"Gabriel Perecia","urban",17,"U","LE3","T",4,4,"services","other","home","mother","0-15 min","2-5 hours",0,"no","yes","yes","no","yes","yes","yes","yes","very high","average","very high","high","very high","average",13,12,12,13
213,"Gabriel Perecia","urban",16,"U","GT3","A",2,2,"other","other","reputation","mother","0-15 min","2-5 hours",0,"yes","yes","yes","no","yes","yes","yes","no","average","average","high","very low","very low","good",0,12,13,14
214,"Gabriel Perecia","urban",18,"U","GT3","T",2,2,"services","other","home","mother","0-15 min","2-5 hours",1,"no","yes","yes","yes","yes","yes","yes","no","high","high","high","low","high","very good",15,6,7,8
215,"Gabriel Perecia","rural",17,"R","LE3","T",4,4,"services","other","other","mother","0-15 min","0-2 hours",0,"no","yes","yes","no","yes","yes","no","no","very high","low","very low","very low","low","average",12,8,10,10
216,"Gabriel Perecia","urban",17,"U","LE3","T",3,2,"other","other","reputation","mother","15-30 min","2-5 hours",0,"no","no","yes","no","yes","yes","yes","no","high","high","high","very low","average","very bad",2,14,15,15
217,"Gabriel Perecia","urban",17,"U","GT3","T",4,3,"other","other","reputation","mother","0-15 min","2-5 hours",2,"no","no","yes","no","yes","yes","yes","yes","average","high","very high","low","high","very bad",22,6,6,4
218,"Gabriel Perecia","urban",18,"U","LE3","T",3,3,"services","health","home","father","0-15 min","2-5 hours",1,"no","yes","yes","no","yes","yes","yes","no","average","low","high","low","high","good",13,6,6,8
219,"Gabriel Perecia","urban",17,"U","GT3","T",2,3,"at_home","other","home","father","15-30 min","0-2 hours",0,"no","yes","yes","no","yes","yes","no","no","average","average","average","very low","high","average",3,7,7,8
220,"Gabriel Perecia","urban",17,"U","GT3","T",2,2,"at_home","at_home","course","mother","0-15 min","5-10 hours",0,"no","yes","yes","yes","yes","yes","yes","no","high","average","average","very low","very low","good",4,9,10,10
221,"Gabriel Perecia","rural",17,"R","GT3","T",2,1,"at_home","services","reputation","mother","15-30 min","2-5 hours",0,"no","yes","no","yes","yes","yes","yes","no","high","low","very high","very low","low","very good",2,6,6,6
222,"Gabriel Perecia","urban",17,"U","GT3","T",1,1,"at_home","other","reputation","mother","0-15 min","5-10 hours",1,"no","yes","no","yes","yes","yes","no","yes","high","average","high","very low","very low","very good",0,6,5,0
223,"Gabriel Perecia","urban",16,"U","GT3","T",2,3,"services","teacher","other","mother","0-15 min","2-5 hours",0,"yes","no","no","no","yes","yes","yes","no","low","average","very low","very low","very low","average",2,16,16,17
224,"Gabriel Perecia","urban",18,"U","GT3","T",2,2,"other","other","home","mother","15-30 min","2-5 hours",0,"no","yes","yes","no","yes","yes","yes","no","average","average","average","very high","very high","good",0,12,13,13
225,"Gabriel Perecia","urban",16,"U","GT3","T",4,4,"teacher","services","home","mother","0-15 min","5-10 hours",0,"no","yes","no","yes","no","yes","yes","no","very high","average","low","very low","very low","very good",0,13,13,14
226,"Gabriel Perecia","rural",17,"R","GT3","T",3,1,"other","other","reputation","mother","0-15 min","2-5 hours",1,"no","no","no","yes","yes","yes","yes","yes","very high","average","average","very low","very low","good",16,9,8,7
227,"Gabriel Perecia","urban",17,"U","GT3","T",3,2,"other","other","course","mother","0-15 min","2-5 hours",0,"no","no","no","yes","no","yes","yes","no","very high","average","high","very low","average","average",10,16,15,15
228,"Gabriel Perecia","urban",17,"U","LE3","T",2,3,"services","services","reputation","father","0-15 min","2-5 hours",0,"no","yes","yes","no","no","yes","yes","no","very high","average","average","very low","average","average",2,12,11,12
229,"Gabriel Perecia","urban",18,"U","LE3","T",2,1,"at_home","other","course","mother","above 60 min","2-5 hours",0,"yes","yes","yes","yes","yes","yes","yes","yes","high","average","low","high","very high","average",14,10,8,9
230,"Gabriel Perecia","urban",17,"U","GT3","A",2,1,"other","other","course","mother","15-30 min","5-10 hours",0,"no","no","no","yes","yes","yes","yes","yes","average","low","average","very low","low","average",10,12,10,12
231,"Gabriel Perecia","urban",17,"U","LE3","T",4,3,"health","other","reputation","father","0-15 min","2-5 hours",0,"no","no","no","yes","yes","yes","yes","yes","average","low","average","very low","low","average",14,13,13,14
232,"Gabriel Perecia","rural",17,"R","GT3","T",2,2,"other","other","course","father","15-30 min","2-5 hours",0,"no","yes","yes","yes","yes","yes","yes","no","high","very high","low","very low","very low","very bad",4,11,11,11
233,"Gabriel Perecia","urban",17,"U","GT3","T",4,4,"teacher","teacher","reputation","mother","0-15 min","2-5 hours",0,"yes","yes","no","yes","yes","yes","yes","yes","high","very high","very high","very low","average","bad",14,11,9,9
234,"Gabriel Perecia","urban",16,"U","GT3","T",4,4,"health","other","reputation","father","0-15 min","2-5 hours",0,"no","yes","yes","yes","yes","yes","yes","no","high","low","high","low","high","very bad",2,14,13,13
235,"Gabriel Perecia","urban",16,"U","LE3","T",1,1,"other","other","home","mother","15-30 min","2-5 hours",0,"no","yes","yes","no","yes","yes","yes","no","average","high","low","very low","very low","very good",18,9,7,6
236,"Gabriel Perecia","urban",16,"U","GT3","T",3,2,"at_home","other","reputation","mother","15-30 min","5-10 hours",0,"no","no","no","yes","yes","yes","yes","yes","very high","average","average","very low","average","bad",10,11,9,10
237,"Gabriel Perecia","urban",17,"U","LE3","T",2,2,"other","other","home","father","0-15 min","2-5 hours",0,"no","no","yes","yes","no","yes","yes","yes","high","high","low","very high","very high","good",4,14,13,13
238,"Gabriel Perecia","urban",16,"U","GT3","T",2,1,"other","other","home","mother","0-15 min","0-2 hours",0,"no","no","no","no","yes","yes","yes","yes","high","very high","low","very low","very low","very good",20,13,12,12
239,"Gabriel Perecia","rural",17,"R","GT3","T",2,1,"at_home","services","course","mother","30-60 min","2-5 hours",0,"no","no","no","yes","yes","yes","no","no","low","very low","very low","very low","very low","average",2,13,11,11
240,"Gabriel Perecia","urban",18,"U","GT3","T",2,2,"other","services","reputation","father","0-15 min","2-5 hours",1,"no","no","no","no","yes","no","yes","no","very high","very high","high","average","very high","bad",0,7,7,0
241,"Gabriel Perecia","urban",17,"U","LE3","T",4,3,"health","other","course","mother","15-30 min","2-5 hours",0,"no","no","no","yes","yes","yes","yes","yes","low","very high","very high","very low","high","very good",14,12,12,12
242,"Gabriel Perecia","rural",17,"R","LE3","A",4,4,"teacher","other","course","mother","15-30 min","2-5 hours",0,"no","yes","yes","no","yes","yes","yes","no","average","average","average","low","average","good",2,10,11,12
243,"Gabriel Perecia","urban",16,"U","LE3","T",4,3,"teacher","other","course","mother","0-15 min","0-2 hours",0,"no","no","no","yes","no","yes","yes","no","very high","high","very high","very low","very low","average",0,6,0,0
244,"Gabriel Perecia","urban",16,"U","GT3","T",4,4,"services","services","course","mother","0-15 min","0-2 hours",0,"no","no","no","yes","yes","yes","yes","no","very high","average","low","very low","low","very good",0,13,12,12
245,"Gabriel Perecia","urban",18,"U","GT3","T",2,1,"other","other","course","other","15-30 min","5-10 hours",0,"no","yes","yes","no","no","yes","yes","yes","high","high","high","very low","very low","average",0,7,0,0
246,"Gabriel Perecia","urban",16,"U","GT3","T",2,1,"other","other","course","mother","30-60 min","0-2 hours",0,"no","no","no","no","yes","yes","yes","no","high","average","average","very low","very low","good",6,18,18,18
247,"Gabriel Perecia","urban",17,"U","GT3","T",2,3,"other","other","course","father","15-30 min","0-2 hours",0,"no","no","no","no","yes","yes","yes","no","very high","low","low","very low","very low","bad",4,12,12,13
248,"Gabriel Perecia","urban",22,"U","GT3","T",3,1,"services","services","other","mother","0-15 min","0-2 hours",3,"no","no","no","no","no","no","yes","yes","very high","high","very high","very high","very high","very bad",16,6,8,8
249,"Gabriel Perecia","rural",18,"R","LE3","T",3,3,"other","services","course","mother","0-15 min","2-5 hours",1,"no","yes","no","no","yes","yes","yes","yes","high","average","average","very low","average","very good",8,3,5,5
250,"Gabriel Perecia","urban",16,"U","GT3","T",0,2,"other","other","other","mother","0-15 min","0-2 hours",0,"no","no","yes","no","no","yes","yes","no","high","average","low","low","high","very good",0,13,15,15
251,"Gabriel Perecia","urban",18,"U","GT3","T",3,2,"services","other","course","mother","15-30 min","0-2 hours",1,"no","no","no","no","yes","no","yes","no","high","high","very high","low","high","very good",0,6,8,8
252,"Gabriel Perecia","urban",16,"U","GT3","T",3,3,"at_home","other","reputation","other","30-60 min","2-5 hours",0,"yes","yes","no","no","no","yes","yes","no","very high","average","average","very low","average","bad",6,7,10,10
253,"Gabriel Perecia","urban",18,"U","GT3","T",2,1,"services","services","other","mother","0-15 min","0-2 hours",1,"no","no","no","no","no","no","yes","no","average","low","very high","low","very high","very good",4,6,9,8
254,"Gabriel Perecia","rural",16,"R","GT3","T",2,1,"other","other","course","mother","15-30 min","0-2 hours",0,"no","no","no","yes","no","yes","no","no","average","average","low","very low","average","average",0,8,9,8
255,"Gabriel Perecia","rural",17,"R","GT3","T",2,1,"other","other","course","mother","0-15 min","0-2 hours",0,"no","no","no","no","no","yes","yes","no","high","high","low","low","high","very good",0,8,12,12
256,"Gabriel Perecia","urban",17,"U","LE3","T",1,1,"health","other","course","mother","15-30 min","0-2 hours",1,"no","yes","no","yes","yes","yes","yes","no","high","high","high","very low","low","very good",2,7,9,8
257,"Gabriel Perecia","urban",17,"U","LE3","T",4,2,"teacher","services","reputation","mother","0-15 min","above 10 hours",0,"no","yes","yes","yes","yes","yes","yes","no","high","low","average","very low","very low","good",6,14,12,13
258,"Gabriel Perecia","urban",19,"U","LE3","A",4,3,"services","at_home","reputation","mother","0-15 min","2-5 hours",0,"no","yes","no","no","yes","yes","yes","no","high","average","very low","very low","very low","very bad",12,11,11,11
259,"Gabriel Perecia","urban",18,"U","GT3","T",2,1,"other","other","home","mother","0-15 min","2-5 hours",0,"no","no","no","yes","yes","yes","yes","no","very high","low","high","very low","low","good",8,15,14,14
260,"Gabriel Perecia","urban",17,"U","LE3","T",2,2,"services","services","course","father","0-15 min","above 10 hours",0,"no","no","yes","yes","yes","yes","yes","yes","average","high","very low","very low","very low","bad",0,10,9,0
261,"Gabriel Perecia","urban",18,"U","GT3","T",4,3,"services","other","home","father","0-15 min","2-5 hours",0,"no","yes","yes","no","yes","yes","yes","yes","average","very low","low","very low","average","bad",21,17,18,18
262,"Gabriel Perecia","urban",18,"U","GT3","T",4,3,"teacher","other","course","mother","0-15 min","2-5 hours",0,"no","yes","yes","no","no","yes","yes","no","high","average","low","very low","very low","average",2,8,8,8
263,"Gabriel Perecia","rural",18,"R","GT3","T",3,2,"other","other","course","mother","0-15 min","5-10 hours",0,"no","no","no","yes","no","yes","no","no","very high","average","low","very low","very low","average",1,13,12,12
264,"Gabriel Perecia","urban",17,"U","GT3","T",3,3,"other","other","home","mother","0-15 min","5-10 hours",0,"no","no","no","yes","no","yes","no","no","average","low","average","very low","very low","good",4,10,9,9
265,"Gabriel Perecia","urban",18,"U","GT3","T",2,2,"at_home","services","home","mother","0-15 min","5-10 hours",0,"no","yes","yes","yes","yes","yes","yes","yes","high","average","average","very low","very low","average",0,9,10,0
266,"Gabriel Perecia","rural",18,"R","LE3","A",3,4,"other","other","reputation","mother","15-30 min","2-5 hours",0,"no","yes","yes","yes","yes","yes","yes","no","high","low","very high","average","high","very bad",13,17,17,17
267,"Gabriel Perecia","urban",17,"U","GT3","T",3,1,"services","other","other","mother","0-15 min","2-5 hours",0,"no","no","yes","yes","yes","yes","yes","yes","very high","high","high","average","high","very good",2,9,9,10
268,"Gabriel Perecia","rural",18,"R","GT3","T",4,4,"teacher","other","reputation","mother","15-30 min","2-5 hours",0,"no","no","yes","yes","yes","yes","yes","no","high","average","high","low","low","good",8,12,10,11
269,"Gabriel Perecia","urban",18,"U","GT3","T",4,2,"health","other","reputation","father","0-15 min","2-5 hours",0,"no","yes","yes","yes","yes","yes","yes","yes","very high","high","very high","very low","average","very good",10,10,9,10
270,"Gabriel Perecia","rural",18,"R","GT3","T",2,1,"other","other","reputation","mother","15-30 min","2-5 hours",0,"no","yes","no","no","yes","no","yes","yes","high","average","very high","very low","low","average",0,6,0,0
271,"Gabriel Perecia","urban",19,"U","GT3","T",3,3,"other","services","home","other","0-15 min","2-5 hours",2,"no","yes","yes","yes","yes","yes","yes","no","high","average","very high","average","average","very good",15,9,9,9
272,"Gabriel Perecia","urban",18,"U","GT3","T",2,3,"other","services","reputation","father","0-15 min","above 10 hours",0,"no","yes","yes","yes","yes","yes","yes","yes","high","very high","very high","very low","average","bad",4,15,14,14
273,"Gabriel Perecia","urban",18,"U","LE3","T",1,1,"other","other","home","mother","15-30 min","2-5 hours",0,"no","yes","yes","no","no","yes","no","no","high","high","average","very low","very low","average",2,11,11,11
274,"Gabriel Perecia","rural",17,"R","GT3","T",1,2,"at_home","at_home","home","mother","0-15 min","2-5 hours",0,"no","yes","yes","yes","no","yes","no","yes","average","very high","low","low","low","very bad",2,15,14,14
275,"Gabriel Perecia","urban",17,"U","GT3","T",2,4,"at_home","health","reputation","mother","15-30 min","2-5 hours",0,"no","yes","yes","no","yes","yes","yes","yes","high","average","average","very low","very low","very bad",2,10,10,10
276,"Gabriel Perecia","urban",17,"U","LE3","T",2,2,"services","other","course","mother","15-30 min","2-5 hours",0,"yes","yes","yes","no","yes","yes","yes","yes","high","high","high","low","average","very good",6,12,12,12
277,"Gabriel Perecia","rural",18,"R","GT3","A",3,2,"other","services","home","mother","15-30 min","2-5 hours",0,"no","no","no","no","no","no","yes","yes","high","very low","very low","very low","very low","very good",75,10,9,9
278,"Gabriel Perecia","urban",18,"U","GT3","T",4,4,"teacher","services","home","mother","15-30 min","0-2 hours",0,"no","no","yes","yes","yes","yes","yes","no","average","low","high","very low","high","average",22,9,9,9
279,"Gabriel Perecia","urban",18,"U","GT3","T",4,4,"health","health","reputation","father","0-15 min","2-5 hours",1,"yes","yes","no","yes","yes","yes","yes","yes","low","high","high","very low","very low","good",15,9,8,8
280,"Gabriel Perecia","urban",18,"U","LE3","T",4,3,"teacher","services","course","mother","15-30 min","0-2 hours",0,"no","no","yes","yes","yes","yes","yes","no","high","low","average","very low","low","very bad",8,10,11,10
281,"Gabriel Perecia","urban",17,"U","LE3","A",4,1,"services","other","home","mother","15-30 min","0-2 hours",0,"no","no","yes","yes","yes","yes","yes","yes","high","very high","high","low","high","very good",30,8,8,8
282,"Gabriel Perecia","urban",17,"U","LE3","A",3,2,"teacher","services","home","mother","0-15 min","0-2 hours",1,"no","no","no","no","yes","yes","yes","no","high","high","high","average","high","average",19,11,9,10
283,"Gabriel Perecia","rural",18,"R","LE3","T",1,1,"at_home","other","reputation","mother","15-30 min","above 10 hours",0,"no","yes","yes","yes","yes","yes","no","no","very high","low","low","very low","very low","average",1,12,12,12
284,"Gabriel Perecia","urban",18,"U","GT3","T",1,1,"other","other","home","mother","15-30 min","2-5 hours",0,"yes","no","no","yes","yes","yes","yes","no","very high","high","high","very low","very low","good",4,8,9,10
285,"Gabriel Perecia","urban",17,"U","GT3","T",2,2,"other","other","course","mother","0-15 min","2-5 hours",0,"no","yes","no","no","no","yes","yes","no","very high","high","very high","very low","low","very good",4,10,9,11
286,"Gabriel Perecia","urban",17,"U","GT3","T",1,1,"other","other","reputation","father","0-15 min","2-5 hours",0,"no","no","yes","no","no","yes","yes","no","high","average","average","very low","low","good",2,12,10,11
287,"Gabriel Perecia","urban",18,"U","GT3","T",2,2,"at_home","at_home","other","mother","0-15 min","5-10 hours",0,"no","yes","yes","no","yes","yes","yes","no","high","average","average","very low","low","bad",5,18,18,19
288,"Gabriel Perecia","urban",17,"U","GT3","T",1,1,"services","teacher","reputation","mother","0-15 min","5-10 hours",0,"no","yes","yes","no","yes","yes","yes","no","high","average","average","very low","very low","average",6,13,12,12
289,"Gabriel Perecia","urban",18,"U","GT3","T",2,1,"services","services","reputation","mother","0-15 min","5-10 hours",0,"no","no","yes","yes","yes","yes","yes","no","high","low","high","very low","average","bad",6,15,14,14
290,"Gabriel Perecia","urban",18,"U","LE3","A",4,4,"teacher","teacher","reputation","mother","0-15 min","2-5 hours",0,"no","yes","yes","yes","yes","yes","yes","no","very high","high","average","very low","very low","bad",9,15,13,15
291,"Gabriel Perecia","urban",18,"U","GT3","T",4,2,"teacher","other","home","mother","0-15 min","2-5 hours",0,"no","yes","yes","yes","yes","yes","yes","yes","high","average","low","very low","high","very good",11,12,11,11
292,"Gabriel Perecia","urban",17,"U","GT3","T",4,3,"health","services","reputation","mother","0-15 min","5-10 hours",0,"no","yes","yes","no","yes","yes","yes","no","high","low","low","very low","low","average",0,15,15,15
293,"Gabriel Perecia","urban",18,"U","LE3","T",2,1,"services","at_home","reputation","mother","0-15 min","2-5 hours",1,"no","no","no","no","yes","yes","yes","yes","very high","high","average","very low","very low","very good",12,12,12,13
294,"Gabriel Perecia","rural",17,"R","LE3","T",3,1,"services","other","reputation","mother","15-30 min","above 10 hours",0,"no","yes","yes","no","yes","yes","no","no","average","very low","low","very low","very low","average",6,18,18,18
295,"Gabriel Perecia","rural",18,"R","LE3","T",3,2,"services","other","reputation","mother","15-30 min","5-10 hours",0,"no","yes","yes","yes","yes","yes","yes","no","very high","high","low","very low","very low","good",8,14,13,14
296,"Gabriel Perecia","urban",17,"U","GT3","T",3,3,"health","other","home","mother","0-15 min","0-2 hours",0,"no","yes","yes","no","yes","yes","yes","no","high","high","average","very low","average","very good",4,14,12,11
297,"Gabriel Perecia","urban",19,"U","GT3","T",4,4,"health","other","reputation","other","15-30 min","2-5 hours",0,"no","yes","yes","yes","yes","yes","yes","no","low","average","high","low","average","bad",0,10,9,0
298,"Gabriel Perecia","urban",18,"U","LE3","T",4,3,"other","other","home","other","15-30 min","2-5 hours",0,"no","yes","yes","no","yes","yes","yes","yes","high","high","very high","very low","low","bad",10,10,8,8
299,"Gabriel Perecia","urban",18,"U","GT3","T",4,3,"other","other","reputation","father","0-15 min","above 10 hours",0,"no","yes","yes","no","yes","yes","yes","no","high","average","average","very low","very low","average",0,14,13,14
300,"Gabriel Perecia","urban",18,"U","LE3","T",4,4,"teacher","teacher","home","mother","0-15 min","0-2 hours",0,"no","yes","yes","no","yes","yes","yes","yes","very low","high","low","low","low","very bad",5,16,15,16
301,"Gabriel Perecia","urban",18,"U","LE3","A",4,4,"health","other","home","mother","0-15 min","2-5 hours",0,"no","yes","no","no","yes","yes","yes","yes","high","low","high","very low","very low","good",14,12,10,11
302,"Gabriel Perecia","urban",17,"U","LE3","T",4,4,"other","teacher","home","father","15-30 min","0-2 hours",0,"no","no","yes","no","yes","yes","yes","no","high","very low","very low","low","low","very good",0,11,11,10
303,"Gabriel Perecia","urban",17,"U","GT3","T",4,2,"other","other","reputation","mother","15-30 min","5-10 hours",0,"no","yes","yes","no","yes","yes","yes","no","high","average","average","very low","very low","average",0,15,12,14
304,"Gabriel Perecia","urban",17,"U","GT3","T",3,2,"health","health","reputation","father","0-15 min","above 10 hours",0,"no","yes","yes","yes","no","yes","yes","no","very high","low","low","very low","low","very good",0,17,17,18
305,"Gabriel Perecia","urban",19,"U","GT3","T",3,3,"other","other","home","other","0-15 min","2-5 hours",1,"no","yes","no","yes","yes","yes","yes","yes","high","high","high","very low","very low","average",20,15,14,13
306,"Gabriel Perecia","urban",18,"U","GT3","T",2,4,"services","at_home","reputation","other","0-15 min","2-5 hours",1,"no","yes","yes","yes","yes","yes","yes","no","high","high","average","very low","very low","average",8,14,12,12
307,"Gabriel Perecia","urban",20,"U","GT3","A",3,2,"services","other","course","other","0-15 min","0-2 hours",0,"no","no","no","yes","yes","yes","no","no","very high","very high","average","very low","very low","very good",0,17,18,18
308,"Gabriel Perecia","urban",19,"U","GT3","T",4,4,"teacher","services","reputation","other","15-30 min","0-2 hours",1,"no","yes","yes","no","yes","yes","yes","yes","high","average","high","very low","very low","good",38,8,9,8
309,"Gabriel Perecia","rural",19,"R","GT3","T",3,3,"other","services","reputation","father","0-15 min","2-5 hours",1,"no","no","no","yes","yes","yes","no","yes","high","very high","average","very low","low","very good",0,15,12,12
310,"Gabriel Perecia","urban",19,"U","LE3","T",1,1,"at_home","other","reputation","other","0-15 min","2-5 hours",1,"yes","yes","no","yes","no","yes","yes","no","high","high","average","very low","average","average",18,12,10,10
311,"Gabriel Perecia","urban",17,"U","LE3","T",1,2,"services","services","home","other","0-15 min","2-5 hours",1,"no","no","no","yes","no","yes","no","yes","high","low","high","low","low","average",0,9,9,0
312,"Gabriel Perecia","urban",19,"U","GT3","T",2,1,"at_home","other","other","other","30-60 min","2-5 hours",0,"no","yes","no","no","yes","no","yes","yes","average","high","very low","very low","very low","bad",20,14,12,13
313,"Gabriel Perecia","urban",19,"U","GT3","T",1,2,"other","services","course","other","0-15 min","2-5 hours",1,"no","no","no","no","no","yes","yes","no","high","very high","low","low","low","good",3,13,11,11
314,"Gabriel Perecia","urban",19,"U","LE3","T",3,2,"services","other","reputation","other","15-30 min","2-5 hours",1,"no","yes","yes","no","no","yes","yes","yes","high","low","low","very low","low","very bad",22,13,10,11
315,"Gabriel Perecia","urban",19,"U","GT3","T",1,1,"at_home","health","home","other","0-15 min","5-10 hours",2,"no","no","no","no","no","yes","yes","yes","high","very low","low","very low","very low","average",14,15,13,13
316,"Gabriel Perecia","rural",19,"R","GT3","T",2,3,"other","other","reputation","other","0-15 min","5-10 hours",1,"no","no","no","no","yes","yes","yes","yes","high","very low","low","very low","very low","average",40,13,11,11
317,"Gabriel Perecia","urban",18,"U","GT3","T",2,1,"services","other","course","mother","15-30 min","2-5 hours",0,"no","yes","yes","yes","yes","yes","yes","no","very high","average","average","very low","low","very bad",0,8,8,0
318,"Gabriel Perecia","urban",18,"U","GT3","T",4,3,"other","other","course","mother","0-15 min","5-10 hours",0,"no","yes","yes","yes","yes","yes","yes","yes","high","average","high","very low","very low","very good",9,9,10,9
319,"Gabriel Perecia","rural",17,"R","GT3","T",3,4,"at_home","services","course","father","0-15 min","5-10 hours",0,"no","yes","yes","yes","no","yes","yes","no","high","average","high","low","very high","very good",0,11,11,10
320,"Gabriel Perecia","urban",18,"U","GT3","T",4,4,"teacher","other","course","mother","0-15 min","2-5 hours",0,"no","yes","yes","no","yes","yes","yes","no","high","high","high","average","average","very good",2,11,11,11
321,"Gabriel Perecia","urban",17,"U","GT3","A",4,3,"services","services","course","mother","0-15 min","2-5 hours",0,"no","yes","yes","no","yes","yes","yes","yes","very high","low","low","very low","low","very good",23,13,13,13
322,"Gabriel Perecia","urban",17,"U","GT3","T",2,2,"other","other","course","mother","0-15 min","2-5 hours",0,"no","yes","no","no","yes","yes","no","yes","high","low","low","very low","very low","average",12,11,9,9
323,"Gabriel Perecia","rural",17,"R","LE3","T",2,2,"services","services","course","mother","0-15 min","5-10 hours",0,"no","yes","yes","yes","yes","yes","yes","no","average","average","low","low","low","average",3,11,11,11
324,"Gabriel Perecia","urban",17,"U","GT3","T",3,1,"services","services","course","father","0-15 min","5-10 hours",0,"no","yes","no","no","no","yes","yes","no","average","high","average","low","average","very good",1,12,14,15
325,"Gabriel Perecia","urban",17,"U","LE3","T",0,2,"at_home","at_home","home","father","15-30 min","5-10 hours",0,"no","no","no","no","yes","yes","yes","no","average","average","average","low","average","bad",0,16,15,15
326,"Gabriel Perecia","urban",18,"U","GT3","T",4,4,"other","other","course","mother","0-15 min","5-10 hours",0,"no","no","no","yes","yes","yes","yes","no","high","average","average","low","low","average",3,9,12,11
327,"Gabriel Perecia","urban",17,"U","GT3","T",3,3,"other","services","reputation","mother","0-15 min","0-2 hours",0,"no","no","no","yes","no","yes","yes","no","high","average","very high","average","very high","very good",3,14,15,16
328,"Gabriel Perecia","rural",17,"R","GT3","T",2,2,"services","other","course","mother","above 60 min","0-2 hours",0,"no","yes","no","no","yes","yes","yes","no","high","high","very high","very high","very high","good",8,11,10,10
329,"Gabriel Perecia","urban",17,"U","GT3","T",4,4,"teacher","services","course","mother","0-15 min","5-10 hours",0,"no","yes","yes","yes","yes","yes","yes","no","very high","high","high","very low","average","good",7,10,9,9
330,"Gabriel Perecia","urban",17,"U","GT3","T",4,4,"teacher","teacher","course","mother","15-30 min","5-10 hours",0,"no","yes","yes","no","no","yes","yes","yes","high","average","average","very low","low","good",4,14,14,14
331,"Gabriel Perecia","urban",18,"U","LE3","T",2,2,"other","other","course","mother","0-15 min","above 10 hours",0,"no","yes","no","yes","yes","yes","yes","no","high","very high","very high","low","high","very good",2,9,8,8
332,"Gabriel Perecia","rural",17,"R","GT3","T",2,4,"at_home","other","course","father","0-15 min","5-10 hours",0,"no","yes","no","no","yes","yes","yes","yes","high","high","average","very low","very low","very good",7,12,14,14
333,"Gabriel Perecia","urban",18,"U","GT3","T",3,3,"services","services","home","mother","0-15 min","2-5 hours",0,"no","no","no","yes","yes","yes","yes","no","very high","average","high","very low","very low","good",0,7,0,0
334,"Gabriel Perecia","urban",18,"U","LE3","T",2,2,"other","other","home","other","0-15 min","2-5 hours",0,"no","no","no","yes","no","yes","yes","yes","high","average","average","very low","very low","bad",0,8,8,0
335,"Gabriel Perecia","rural",18,"R","GT3","T",2,2,"at_home","other","course","mother","15-30 min","above 10 hours",0,"no","no","no","yes","yes","yes","no","no","high","high","high","very low","very low","good",0,10,9,0
336,"Gabriel Perecia","urban",17,"U","GT3","T",3,4,"services","other","course","mother","0-15 min","5-10 hours",0,"no","no","no","no","yes","yes","yes","no","high","high","very high","very low","average","very good",16,16,15,15
337,"Gabriel Perecia","rural",19,"R","GT3","A",3,1,"services","at_home","home","other","0-15 min","5-10 hours",1,"no","no","yes","no","yes","yes","no","no","very high","high","average","very low","low","very good",12,14,13,13
338,"Gabriel Perecia","urban",17,"U","GT3","T",3,2,"other","other","home","mother","0-15 min","2-5 hours",0,"no","yes","yes","no","yes","yes","yes","yes","high","average","low","low","average","bad",0,7,8,0
339,"Gabriel Perecia","urban",18,"U","LE3","T",3,3,"services","services","home","mother","0-15 min","above 10 hours",0,"no","yes","no","no","yes","yes","yes","no","very high","average","average","very low","very low","very bad",7,16,15,17
340,"Gabriel Perecia","rural",17,"R","GT3","A",3,2,"other","other","home","mother","0-15 min","2-5 hours",0,"no","yes","yes","no","yes","yes","yes","no","high","average","average","low","average","bad",4,9,10,10
341,"Gabriel Perecia","urban",19,"U","GT3","T",2,1,"services","services","home","other","0-15 min","5-10 hours",1,"no","no","yes","yes","yes","yes","yes","yes","high","average","high","very low","average","average",4,11,12,11
342,"Gabriel Perecia","urban",18,"U","GT3","T",4,4,"teacher","services","home","father","0-15 min","2-5 hours",1,"no","yes","no","yes","yes","yes","yes","no","high","average","average","low","low","bad",0,10,10,0
343,"Gabriel Perecia","urban",18,"U","LE3","T",3,4,"services","other","home","mother","0-15 min","2-5 hours",0,"no","no","no","yes","yes","yes","yes","yes","high","average","average","very low","average","very good",11,16,15,15
344,"Gabriel Perecia","urban",17,"U","GT3","A",2,2,"at_home","at_home","home","father","0-15 min","2-5 hours",1,"no","yes","no","no","yes","yes","yes","yes","average","average","very low","very low","low","good",0,9,8,0
345,"Gabriel Perecia","urban",18,"U","GT3","T",2,3,"at_home","other","course","mother","0-15 min","5-10 hours",0,"no","yes","no","no","yes","yes","yes","no","high","average","average","very low","low","average",4,11,10,10
346,"Gabriel Perecia","urban",18,"U","GT3","T",3,2,"other","services","other","mother","0-15 min","5-10 hours",0,"no","no","no","no","yes","yes","yes","yes","very high","high","average","low","average","very bad",7,13,13,14
347,"Gabriel Perecia","rural",18,"R","GT3","T",4,3,"teacher","services","course","mother","0-15 min","5-10 hours",0,"no","no","no","no","yes","yes","yes","yes","very high","average","low","very low","low","good",9,16,15,16
348,"Gabriel Perecia","urban",17,"U","GT3","T",4,3,"teacher","other","course","mother","0-15 min","5-10 hours",0,"no","yes","yes","no","yes","yes","yes","yes","very high","high","very high","low","average","very good",0,10,10,9
349,"Gabriel Perecia","urban",17,"U","GT3","T",4,3,"health","other","reputation","mother","0-15 min","5-10 hours",0,"no","yes","yes","yes","yes","yes","yes","yes","high","high","average","very low","average","good",0,13,15,15
350,"Mousino da Silveira","rural",18,"R","GT3","T",3,2,"other","other","course","mother","15-30 min","0-2 hours",1,"no","yes","no","no","no","yes","yes","no","low","very high","very high","very high","very high","very good",10,11,13,13
351,"Mousino da Silveira","rural",19,"R","GT3","T",1,1,"other","services","home","other","30-60 min","2-5 hours",3,"no","no","no","no","yes","yes","yes","no","very high","high","high","average","average","bad",8,8,7,8
352,"Mousino da Silveira","urban",17,"U","GT3","T",3,3,"health","other","course","mother","15-30 min","2-5 hours",0,"no","yes","yes","no","yes","yes","yes","no","high","very high","high","low","average","average",2,13,13,13
353,"Mousino da Silveira","urban",18,"U","LE3","T",1,3,"at_home","services","course","mother","0-15 min","0-2 hours",1,"no","no","no","no","yes","no","yes","yes","high","average","average","low","average","average",7,8,7,8
354,"Mousino da Silveira","rural",19,"R","GT3","T",1,1,"other","other","home","other","30-60 min","0-2 hours",1,"no","yes","no","no","yes","yes","yes","no","high","high","high","average","average","very good",4,8,8,8
355,"Mousino da Silveira","rural",17,"R","GT3","T",4,3,"services","other","home","mother","15-30 min","2-5 hours",0,"no","yes","yes","yes","no","yes","yes","yes","high","very high","very high","very low","average","bad",4,13,11,11
356,"Mousino da Silveira","urban",18,"U","GT3","T",3,3,"services","services","course","father","0-15 min","2-5 hours",0,"no","yes","no","no","yes","yes","no","yes","very high","average","high","very low","very low","very good",0,10,9,9
357,"Mousino da Silveira","rural",17,"R","GT3","T",4,4,"teacher","services","other","father","15-30 min","2-5 hours",0,"no","yes","yes","yes","yes","yes","yes","no","high","average","average","very low","low","very good",4,12,13,13
358,"Mousino da Silveira","urban",17,"U","LE3","A",3,2,"services","other","reputation","mother","15-30 min","2-5 hours",0,"no","no","no","no","yes","yes","no","yes","very low","low","average","very low","low","very good",2,12,12,11
359,"Mousino da Silveira","urban",18,"U","LE3","T",1,1,"other","services","home","father","15-30 min","0-2 hours",0,"no","no","no","no","no","yes","yes","yes","average","average","low","very low","low","average",4,10,10,10
360,"Mousino da Silveira","urban",18,"U","LE3","T",1,1,"at_home","services","course","father","15-30 min","5-10 hours",0,"no","no","no","no","yes","yes","yes","no","very high","average","low","very low","very low","good",0,18,16,16
361,"Mousino da Silveira","rural",18,"R","LE3","A",1,4,"at_home","other","course","mother","30-60 min","2-5 hours",0,"no","no","no","no","yes","yes","no","yes","high","average","high","very low","high","very good",0,13,13,13
362,"Mousino da Silveira","rural",18,"R","LE3","T",1,1,"at_home","other","other","mother","15-30 min","2-5 hours",1,"no","no","no","yes","no","no","no","no","high","high","average","low","average","very good",2,13,12,12
363,"Mousino da Silveira","urban",18,"U","GT3","T",3,3,"services","services","other","mother","15-30 min","2-5 hours",0,"no","yes","no","no","yes","yes","yes","yes","high","average","low","very low","average","average",0,11,11,10
364,"Mousino da Silveira","urban",17,"U","LE3","T",4,4,"at_home","at_home","course","mother","0-15 min","2-5 hours",0,"no","yes","yes","yes","yes","yes","yes","yes","low","average","high","very low","very low","very bad",0,16,15,15
365,"Mousino da Silveira","rural",17,"R","GT3","T",1,2,"other","services","course","father","15-30 min","2-5 hours",0,"no","no","no","no","no","yes","no","no","average","low","low","very low","low","average",0,12,11,12
366,"Mousino da Silveira","rural",18,"R","GT3","T",1,3,"at_home","other","course","mother","15-30 min","2-5 hours",0,"no","yes","yes","no","yes","yes","no","no","average","average","high","low","high","average",4,10,10,10
367,"Mousino da Silveira","urban",18,"U","LE3","T",4,4,"teacher","services","other","mother","15-30 min","5-10 hours",0,"no","no","yes","no","yes","yes","yes","yes","high","low","low","low","low","very good",0,13,13,13
368,"Mousino da Silveira","rural",17,"R","GT3","T",1,1,"other","services","reputation","mother","30-60 min","0-2 hours",1,"no","yes","yes","no","yes","yes","yes","yes","very high","low","very low","very low","low","very bad",0,7,6,0
369,"Mousino da Silveira","urban",18,"U","GT3","T",2,3,"at_home","services","course","father","15-30 min","0-2 hours",0,"no","yes","yes","no","yes","yes","yes","yes","very high","low","average","very low","low","good",0,11,10,10
370,"Mousino da Silveira","rural",18,"R","GT3","T",4,4,"other","teacher","other","father","30-60 min","2-5 hours",0,"no","yes","yes","no","no","yes","yes","yes","average","low","low","high","low","very good",10,14,12,11
371,"Mousino da Silveira","urban",17,"U","LE3","T",3,2,"services","services","home","other","15-30 min","2-5 hours",2,"no","no","no","yes","yes","yes","no","yes","average","low","low","very low","very low","average",4,7,7,9
372,"Mousino da Silveira","rural",18,"R","LE3","T",1,2,"at_home","services","other","father","30-60 min","0-2 hours",0,"no","yes","yes","yes","yes","no","yes","yes","high","average","average","low","average","average",3,14,12,12
373,"Mousino da Silveira","urban",17,"U","GT3","T",2,2,"other","at_home","home","mother","0-15 min","5-10 hours",0,"no","no","no","yes","yes","yes","no","yes","average","high","average","very low","very low","average",8,13,11,11
374,"Mousino da Silveira","rural",17,"R","GT3","T",1,2,"other","other","course","mother","0-15 min","0-2 hours",0,"no","no","no","yes","yes","yes","yes","no","average","very high","very high","very low","average","very bad",14,6,5,5
375,"Mousino da Silveira","rural",18,"R","LE3","T",4,4,"other","other","reputation","mother","15-30 min","5-10 hours",0,"no","no","no","no","yes","yes","yes","no","very high","high","high","very low","very low","very bad",0,19,18,19
376,"Mousino da Silveira","rural",18,"R","GT3","T",1,1,"other","other","home","mother","above 60 min","5-10 hours",0,"no","no","no","no","yes","yes","yes","no","high","average","low","very low","low","good",2,8,8,10
377,"Mousino da Silveira","urban",17,"U","GT3","T",4,2,"health","other","course","other","15-30 min","5-10 hours",2,"no","yes","yes","no","no","yes","yes","yes","very high","high","average","very low","very low","average",4,15,14,15
378,"Mousino da Silveira","rural",18,"R","LE3","T",4,4,"teacher","services","course","mother","0-15 min","2-5 hours",0,"no","no","yes","yes","yes","yes","yes","no","very high","high","average","average","high","bad",4,8,9,10
379,"Mousino da Silveira","urban",18,"U","GT3","T",3,3,"other","other","home","mother","0-15 min","2-5 hours",0,"no","no","yes","no","yes","yes","yes","yes","high","very low","average","very low","low","very bad",0,15,15,15
380,"Mousino da Silveira","rural",17,"R","GT3","T",3,1,"at_home","other","reputation","mother","0-15 min","2-5 hours",0,"no","yes","yes","yes","no","yes","yes","no","high","very high","high","low","average","very bad",17,10,10,10
381,"Mousino da Silveira","urban",18,"U","GT3","T",4,4,"teacher","teacher","home","father","0-15 min","2-5 hours",0,"no","no","yes","yes","no","yes","yes","no","average","low","high","very low","high","bad",4,15,14,14
382,"Mousino da Silveira","rural",18,"R","GT3","T",2,1,"other","other","other","mother","15-30 min","0-2 hours",0,"no","no","no","yes","no","yes","yes","yes","high","high","average","very low","average","very good",5,7,6,7
383,"Mousino da Silveira","urban",17,"U","GT3","T",2,3,"other","services","home","father","15-30 min","2-5 hours",0,"no","no","no","yes","yes","yes","yes","no","high","high","average","very low","very low","average",2,11,11,10
384,"Mousino da Silveira","rural",19,"R","GT3","T",1,1,"other","services","other","mother","15-30 min","0-2 hours",1,"no","no","no","no","yes","yes","no","no","high","average","low","very low","average","very good",0,6,5,0
385,"Mousino da Silveira","rural",18,"R","GT3","T",4,2,"other","other","home","father","15-30 min","0-2 hours",1,"no","no","yes","no","yes","yes","no","no","very high","high","average","high","average","average",14,6,5,5
386,"Mousino da Silveira","rural",18,"R","GT3","T",2,2,"at_home","other","other","mother","15-30 min","5-10 hours",0,"no","no","yes","no","yes","yes","no","no","very high","average","average","very low","average","good",2,10,9,10
387,"Mousino da Silveira","rural",18,"R","GT3","T",4,4,"teacher","at_home","reputation","mother","30-60 min","0-2 hours",0,"no","yes","yes","yes","yes","yes","yes","yes","high","high","average","low","low","very good",7,6,5,6
388,"Mousino da Silveira","rural",19,"R","GT3","T",2,3,"services","other","course","mother","0-15 min","5-10 hours",1,"no","no","no","yes","no","yes","yes","no","very high","high","low","very low","low","very good",0,7,5,0
389,"Mousino da Silveira","urban",18,"U","LE3","T",3,1,"teacher","services","course","mother","0-15 min","2-5 hours",0,"no","yes","yes","no","yes","yes","yes","no","high","average","high","very low","very low","very bad",0,7,9,8
390,"Mousino da Silveira","urban",18,"U","GT3","T",1,1,"other","other","course","mother","15-30 min","2-5 hours",1,"no","no","no","yes","yes","yes","no","no","very low","very low","very low","very low","very low","very good",0,6,5,0
391,"Mousino da Silveira","urban",20,"U","LE3","A",2,2,"services","services","course","other","0-15 min","2-5 hours",2,"no","yes","yes","no","yes","yes","no","no","very high","very high","high","high","very high","good",11,9,9,9
392,"Mousino da Silveira","urban",17,"U","LE3","T",3,1,"services","services","course","mother","15-30 min","0-2 hours",0,"no","no","no","no","no","yes","yes","no","low","high","very high","average","high","bad",3,14,16,16
393,"Mousino da Silveira","rural",21,"R","GT3","T",1,1,"other","other","course","other","0-15 min","0-2 hours",3,"no","no","no","no","no","yes","no","no","very high","very high","average","average","average","average",3,10,8,7
394,"Mousino da Silveira","rural",18,"R","LE3","T",3,2,"services","other","course","mother","30-60 min","0-2 hours",0,"no","no","no","no","no","yes","yes","no","high","high","very low","average","high","very good",0,11,12,10
395,"Mousino da Silveira","urban",19,"U","LE3","T",1,1,"other","at_home","course","father","0-15 min","0-2 hours",0,"no","no","no","no","yes","yes","yes","no","average","low","average","average","average","very good",5,8,9,9
